USE `agro_app`;

INSERT INTO agricultor (nome, cpf, data_nascimento, email, telefone, endereco, cidade, estado, preferencia_comunicacao) VALUES
('João Silva', '123.456.789-00', '1980-05-10', 'joao1@email.com', '(81)99999-0001', 'Rua A, 100', 'Recife', 'PE', 'whatsapp'),
('Maria Souza', '234.567.890-11', '1985-08-20', 'maria2@email.com', '(81)99999-0002', 'Rua B, 200', 'Olinda', 'PE', 'email'),
('Carlos Lima', '345.678.901-22', '1978-01-15', 'carlos3@email.com', '(81)99999-0003', 'Rua C, 300', 'Jaboatão', 'PE', 'telefone'),
('Ana Paula', '456.789.012-33', '1990-11-30', 'ana4@email.com', '(81)99999-0004', 'Rua D, 400', 'Paulista', 'PE', 'none'),
('Pedro Henrique', '567.890.123-44', '1982-03-25', 'pedro5@email.com', '(81)99999-0005', 'Rua E, 500', 'Camaragibe', 'PE', 'whatsapp'),
('Juliana Alves', '678.901.234-55', '1995-07-12', 'juliana6@email.com', '(81)99999-0006', 'Rua F, 600', 'Recife', 'PE', 'email'),
('Lucas Rocha', '789.012.345-66', '1988-09-05', 'lucas7@email.com', '(81)99999-0007', 'Rua G, 700', 'Olinda', 'PE', 'telefone'),
('Fernanda Dias', '890.123.456-77', '1975-04-18', 'fernanda8@email.com', '(81)99999-0008', 'Rua H, 800', 'Jaboatão', 'PE', 'none'),
('Rafael Costa', '901.234.567-88', '1992-12-22', 'rafael9@email.com', '(81)99999-0009', 'Rua I, 900', 'Paulista', 'PE', 'whatsapp'),
('Beatriz Melo', '012.345.678-99', '1986-06-14', 'beatriz10@email.com', '(81)99999-0010', 'Rua J, 1000', 'Camaragibe', 'PE', 'email'),
('Tiago Nunes', '111.222.333-44', '1979-02-28', 'tiago11@email.com', '(81)99999-0011', 'Rua K, 1100', 'Recife', 'PE', 'telefone'),
('Camila Freitas', '222.333.444-55', '1993-10-08', 'camila12@email.com', '(81)99999-0012', 'Rua L, 1200', 'Olinda', 'PE', 'none'),
('Bruno Martins', '333.444.555-66', '1984-05-05', 'bruno13@email.com', '(81)99999-0013', 'Rua M, 1300', 'Jaboatão', 'PE', 'whatsapp'),
('Larissa Gomes', '444.555.666-77', '1991-09-19', 'larissa14@email.com', '(81)99999-0014', 'Rua N, 1400', 'Paulista', 'PE', 'email'),
('Eduardo Pinto', '555.666.777-88', '1980-12-01', 'eduardo15@email.com', '(81)99999-0015', 'Rua O, 1500', 'Camaragibe', 'PE', 'telefone'),
('Mariana Silva', '666.777.888-99', '1987-03-10', 'mariana16@email.com', '(81)99999-0016', 'Rua P, 1600', 'Recife', 'PE', 'whatsapp'),
('Roberto Alves', '777.888.999-00', '1976-07-25', 'roberto17@email.com', '(81)99999-0017', 'Rua Q, 1700', 'Olinda', 'PE', 'email'),
('Patricia Lima', '888.999.000-11', '1994-11-15', 'patricia18@email.com', '(81)99999-0018', 'Rua R, 1800', 'Jaboatão', 'PE', 'telefone'),
('Gustavo Dias', '999.000.111-22', '1983-02-20', 'gustavo19@email.com', '(81)99999-0019', 'Rua S, 1900', 'Paulista', 'PE', 'none'),
('Helena Costa', '000.111.222-33', '1990-08-30', 'helena20@email.com', '(81)99999-0020', 'Rua T, 2000', 'Camaragibe', 'PE', 'whatsapp');

INSERT INTO area (id_agricultor, nome_area, descricao, tamanho_hectares, centro_lat, centro_lon) VALUES
(1, 'Sítio Esperança', 'Área de milho', 10.5, -8.05, -34.88),
(2, 'Chácara Verde', 'Plantação de hortaliças', 5.2, -8.06, -34.87),
(3, 'Fazenda Boa Vista', 'Área de soja', 20.0, -8.07, -34.86),
(4, 'Sítio São José', 'Frutas tropicais', 8.3, -8.08, -34.85),
(5, 'Terra Fértil', 'Diversas culturas', 15.0, -8.09, -34.84),
(6, 'Campo Alegre', 'Milho e feijão', 12.7, -8.10, -34.83),
(7, 'Fazenda Nova', 'Produção de arroz', 18.9, -8.11, -34.82),
(8, 'Sítio das Palmeiras', 'Banana e mamão', 6.4, -8.12, -34.81),
(9, 'Chácara do Sol', 'Tomate e pimentão', 7.1, -8.13, -34.80),
(10, 'Fazenda Santa Luzia', 'Milho e mandioca', 14.2, -8.14, -34.79),
(11, 'Sítio São Pedro', 'Feijão e milho', 9.8, -8.15, -34.78),
(12, 'Fazenda Primavera', 'Soja e milho', 16.3, -8.16, -34.77),
(13, 'Chácara Bela Vista', 'Hortaliças', 4.9, -8.17, -34.76),
(14, 'Sítio do Vale', 'Frutas e legumes', 11.0, -8.18, -34.75),
(15, 'Fazenda Horizonte', 'Milho e arroz', 13.5, -8.19, -34.74),
(16, 'Sítio do Morro', 'Café e cacau', 22.0, -8.20, -34.73),
(17, 'Fazenda Águas Claras', 'Trigo e cevada', 30.5, -8.21, -34.72),
(18, 'Chácara Floridia', 'Flores e ornamentais', 3.5, -8.22, -34.71),
(19, 'Sítio Recanto', 'Horta orgânica', 2.0, -8.23, -34.70),
(20, 'Fazenda Imperial', 'Cana de açúcar', 50.0, -8.24, -34.69);

INSERT INTO semente (nome_comum, nome_cientifico, tipo_cultura, variedade, epoca_plantio, descricao, imagem_url) VALUES
('Milho', 'Zea mays', 'Grãos', 'Híbrido 105', 'Outubro a Dezembro', 'Alta produtividade', NULL),
('Feijão', 'Phaseolus vulgaris', 'Leguminosa', 'Carioca', 'Janeiro a Março', 'Resistente à seca', NULL),
('Soja', 'Glycine max', 'Grãos', 'BRS 1010', 'Novembro a Janeiro', 'Boa adaptação ao Nordeste', NULL),
('Arroz', 'Oryza sativa', 'Grãos', 'IRGA 424', 'Outubro a Dezembro', 'Alta resistência a pragas', NULL),
('Tomate', 'Solanum lycopersicum', 'Hortaliça', 'Santa Clara', 'Agosto a Outubro', 'Fruto firme', NULL),
('Pimentão', 'Capsicum annuum', 'Hortaliça', 'Verde Gigante', 'Setembro a Novembro', 'Alta produtividade', NULL),
('Mandioca', 'Manihot esculenta', 'Raiz', 'IAC 576-70', 'Ano todo', 'Boa para farinha', NULL),
('Banana', 'Musa spp.', 'Fruta', 'Prata', 'Ano todo', 'Alta aceitação comercial', NULL),
('Mamão', 'Carica papaya', 'Fruta', 'Formosa', 'Ano todo', 'Fruto grande', NULL),
('Alface', 'Lactuca sativa', 'Hortaliça', 'Crespa', 'Ano todo', 'Rápido crescimento', NULL),
('Cenoura', 'Daucus carota', 'Raiz', 'Brasília', 'Março a Maio', 'Raiz longa', NULL),
('Beterraba', 'Beta vulgaris', 'Raiz', 'Early Wonder', 'Abril a Junho', 'Cor intensa', NULL),
('Couve', 'Brassica oleracea', 'Hortaliça', 'Manteiga', 'Ano todo', 'Folhas largas', NULL),
('Abóbora', 'Cucurbita moschata', 'Fruta', 'Menina Brasileira', 'Agosto a Outubro', 'Boa conservação', NULL),
('Melancia', 'Citrullus lanatus', 'Fruta', 'Crimson Sweet', 'Setembro a Novembro', 'Doce e suculenta', NULL),
('Uva', 'Vitis vinifera', 'Fruta', 'Niagara Rosada', 'Julho a Setembro', 'Doce e de mesa', NULL),
('Maracujá', 'Passiflora edulis', 'Fruta', 'Amarelo', 'Ano todo', 'Polpa abundante', NULL),
('Trigo', 'Triticum aestivum', 'Grãos', 'BRS 264', 'Abril a Junho', 'Para panificação', NULL),
('Algodão', 'Gossypium hirsutum', 'Fibra', 'FM 966', 'Novembro a Janeiro', 'Fibra longa', NULL),
('Cacau', 'Theobroma cacao', 'Fruta', 'CCN 51', 'Ano todo', 'Alta produtividade', NULL);

INSERT INTO aula (id_semente, titulo, tipo_conteudo, link_conteudo, duracao_segundos, descricao) VALUES
(1, 'Plantio de Milho', 'video', 'https://youtu.be/milho1', 600, 'Como plantar milho corretamente'),
(2, 'Cultivo de Feijão', 'pdf', 'https://docs.com/feijao', 0, 'Guia completo para cultivo de feijão'),
(3, 'Soja: do plantio à colheita', 'texto', 'https://blog.com/soja', 0, 'Etapas do cultivo da soja'),
(4, 'Arroz irrigado', 'video', 'https://youtu.be/arroz', 720, 'Técnicas de irrigação para arroz'),
(5, 'Tomate em estufa', 'imagem', 'https://img.com/tomate.jpg', 0, 'Exemplo de cultivo protegido'),
(6, 'Pimentão: cuidados essenciais', 'texto', 'https://blog.com/pimentao', 0, 'Dicas para evitar pragas'),
(7, 'Mandioca resistente', 'pdf', 'https://docs.com/mandioca', 0, 'Variedades resistentes à seca'),
(8, 'Banana: poda e manejo', 'video', 'https://youtu.be/banana', 540, 'Como podar bananeiras'),
(9, 'Mamão saudável', 'texto', 'https://blog.com/mamao', 0, 'Controle de pragas no mamoeiro'),
(10, 'Alface hidropônica', 'video', 'https://youtu.be/alface', 480, 'Sistema hidropônico para alface'),
(11, 'Cenoura: solo ideal', 'pdf', 'https://docs.com/cenoura', 0, 'Preparação do solo para cenoura'),
(12, 'Beterraba: irrigação', 'texto', 'https://blog.com/beterraba', 0, 'Como irrigar corretamente'),
(13, 'Couve orgânica', 'imagem', 'https://img.com/couve.jpg', 0, 'Exemplo de cultivo orgânico'),
(14, 'Abóbora gigante', 'video', 'https://youtu.be/abobora', 660, 'Cultivo de abóboras grandes'),
(15, 'Melancia doce', 'texto', 'https://blog.com/melancia', 0, 'Como obter frutas mais doces'),
(16, 'Poda da Videira', 'video', 'https://youtu.be/uva', 900, 'Técnicas de poda para uvas'),
(17, 'Polinização do Maracujá', 'texto', 'https://blog.com/maracuja', 0, 'Importância da mamangava'),
(18, 'Colheita do Trigo', 'pdf', 'https://docs.com/trigo', 0, 'Ponto ideal de colheita'),
(19, 'Pragas do Algodão', 'video', 'https://youtu.be/algodao', 700, 'Identificação do bicudo'),
(20, 'Fermentação do Cacau', 'texto', 'https://blog.com/cacau', 0, 'Processo de fermentação das amêndoas');

INSERT INTO clima_leitura (id_area, source, data_observacao, temperatura_c, umidade_pct, chuva_mm, velocidade_vento_mps, pressao_hpa) VALUES
(1, 'inmet', '2025-10-20 08:00:00', 27.5, 80.0, 5.200, 2.500, 1010.00),
(2, 'openweathermap', '2025-10-20 09:00:00', 28.0, 78.5, 3.000, 2.800, 1011.20),
(3, 'nasa', '2025-10-20 10:00:00', 29.2, 75.0, 0.000, 3.100, 1012.50),
(4, 'inmet', '2025-10-20 11:00:00', 30.1, 70.0, 1.500, 3.000, 1013.00),
(5, 'openweathermap', '2025-10-20 12:00:00', 31.0, 68.0, 0.000, 2.900, 1012.80),
(6, 'nasa', '2025-10-20 13:00:00', 32.5, 65.0, 0.000, 3.200, 1011.90),
(7, 'inmet', '2025-10-20 14:00:00', 33.0, 60.0, 0.000, 3.500, 1010.50),
(8, 'openweathermap', '2025-10-20 15:00:00', 34.0, 58.0, 0.000, 3.800, 1009.80),
(9, 'nasa', '2025-10-20 16:00:00', 35.0, 55.0, 0.000, 4.000, 1009.00),
(10, 'inmet', '2025-10-20 17:00:00', 33.5, 57.0, 0.000, 3.600, 1010.20),
(11, 'openweathermap', '2025-10-20 18:00:00', 32.0, 60.0, 0.000, 3.300, 1011.00),
(12, 'nasa', '2025-10-20 19:00:00', 30.0, 65.0, 0.000, 3.000, 1012.00),
(13, 'inmet', '2025-10-20 20:00:00', 28.5, 70.0, 0.000, 2.800, 1013.50),
(14, 'openweathermap', '2025-10-20 21:00:00', 27.0, 75.0, 0.000, 2.500, 1014.00),
(15, 'nasa', '2025-10-20 22:00:00', 26.0, 78.0, 0.000, 2.200, 1014.50),
(16, 'inmet', '2025-10-21 08:00:00', 26.5, 82.0, 10.000, 2.100, 1008.00),
(17, 'openweathermap', '2025-10-21 09:00:00', 27.2, 79.0, 5.000, 2.400, 1009.50),
(18, 'nasa', '2025-10-21 10:00:00', 28.5, 76.0, 2.000, 2.700, 1010.80),
(19, 'inmet', '2025-10-21 11:00:00', 29.8, 72.0, 0.000, 3.100, 1011.50),
(20, 'openweathermap', '2025-10-21 12:00:00', 31.5, 66.0, 0.000, 3.400, 1012.00);

INSERT INTO condicao_ideal (id_semente, temperatura_min_c, temperatura_max_c, umidade_min_pct, umidade_max_pct, ph_min, ph_max, tipo_solo_preferido, obs) VALUES
(1, 20.0, 32.0, 60.0, 80.0, 5.5, 7.0, 'argiloso', 'Evitar solos encharcados'),
(2, 18.0, 30.0, 55.0, 75.0, 6.0, 7.5, 'arenoso', 'Boa drenagem'),
(3, 22.0, 34.0, 60.0, 85.0, 5.8, 7.2, 'franco', 'Evitar compactação'),
(4, 24.0, 36.0, 65.0, 90.0, 6.0, 7.0, 'argiloso', 'Irrigação constante'),
(5, 16.0, 28.0, 60.0, 80.0, 6.2, 7.5, 'silto-arenoso', 'Controle de pragas'),
(6, 18.0, 30.0, 55.0, 75.0, 6.0, 7.0, 'franco', 'Evitar excesso de água'),
(7, 20.0, 32.0, 60.0, 85.0, 5.5, 6.8, 'argiloso', 'Boa fertilização'),
(8, 22.0, 34.0, 65.0, 90.0, 6.0, 7.5, 'arenoso', 'Evitar ventos fortes'),
(9, 24.0, 36.0, 70.0, 95.0, 6.2, 7.2, 'franco', 'Controle de fungos'),
(10, 16.0, 26.0, 60.0, 80.0, 6.0, 7.0, 'silto-arenoso', 'Evitar sol direto'),
(11, 18.0, 28.0, 55.0, 75.0, 6.0, 7.5, 'argiloso', 'Boa drenagem'),
(12, 20.0, 30.0, 60.0, 85.0, 5.8, 7.2, 'franco', 'Evitar excesso de água'),
(13, 22.0, 32.0, 65.0, 90.0, 6.0, 7.0, 'arenoso', 'Controle de pragas'),
(14, 24.0, 34.0, 70.0, 95.0, 6.2, 7.5, 'argiloso', 'Boa fertilização'),
(15, 26.0, 36.0, 75.0, 100.0, 6.5, 7.5, 'franco', 'Evitar solos rasos'),
(16, 15.0, 30.0, 50.0, 80.0, 5.5, 7.0, 'arenoso', 'Clima seco na maturação'),
(17, 23.0, 32.0, 60.0, 85.0, 5.5, 6.5, 'franco', 'Precisa de suporte'),
(18, 15.0, 25.0, 40.0, 70.0, 6.0, 7.5, 'argiloso', 'Sensível a acidez'),
(19, 25.0, 35.0, 50.0, 80.0, 5.8, 7.2, 'franco', 'Muita luz solar'),
(20, 22.0, 30.0, 70.0, 90.0, 5.0, 6.5, 'silto-arenoso', 'Sombra parcial');

INSERT INTO recomendacao (id_agricultor, id_area, id_semente, fonte, confianca_pct, status, justificativa) VALUES
(1, 1, 1, 'interna', 95.0, 'pendente', 'Clima ideal para milho'),
(2, 2, 2, 'openweathermap', 90.0, 'aceita', 'Boa umidade para feijão'),
(3, 3, 3, 'inmet', 85.0, 'recusada', 'Temperatura alta demais'),
(4, 4, 4, 'nasa', 88.0, 'plantado', 'Arroz já semeado'),
(5, 5, 5, 'manual', 92.0, 'concluido', 'Tomate colhido'),
(6, 6, 6, 'interna', 89.0, 'pendente', 'Pimentão em fase de preparo'),
(7, 7, 7, 'openweathermap', 93.0, 'aceita', 'Solo adequado para mandioca'),
(8, 8, 8, 'inmet', 87.0, 'recusada', 'Banana não recomendada nesta época'),
(9, 9, 9, 'nasa', 91.0, 'plantado', 'Mamão já em crescimento'),
(10, 10, 10, 'manual', 94.0, 'concluido', 'Alface colhida'),
(11, 11, 11, 'interna', 90.0, 'pendente', 'Cenoura em fase de germinação'),
(12, 12, 12, 'openweathermap', 88.0, 'aceita', 'Beterraba com boa previsão'),
(13, 13, 13, 'inmet', 86.0, 'recusada', 'Couve com risco de pragas'),
(14, 14, 14, 'nasa', 92.0, 'plantado', 'Abóbora em desenvolvimento'),
(15, 15, 15, 'manual', 93.0, 'concluido', 'Melancia colhida com sucesso'),
(16, 16, 16, 'interna', 85.0, 'pendente', 'Clima favorável para uva'),
(17, 17, 17, 'openweathermap', 89.0, 'aceita', 'Maracujá com boa floração'),
(18, 18, 18, 'inmet', 80.0, 'recusada', 'Trigo requer clima mais frio'),
(19, 19, 19, 'nasa', 95.0, 'plantado', 'Algodão em crescimento'),
(20, 20, 20, 'manual', 90.0, 'concluido', 'Cacau colhido');

INSERT INTO feedback (id_agricultor, id_recomendacao, id_aula, avaliacao, sucesso, comentario) VALUES
(1, 1, 1, 5, 1, 'Plantio de milho foi excelente'),
(2, 2, 2, 4, 1, 'Feijão germinou bem'),
(3, 3, 3, 3, 0, 'Soja não se desenvolveu'),
(4, 4, 4, 5, 1, 'Arroz cresceu rápido'),
(5, 5, 5, 4, 1, 'Tomate com boa produtividade'),
(6, 6, 6, 3, 0, 'Pimentão com pragas'),
(7, 7, 7, 5, 1, 'Mandioca saudável'),
(8, 8, 8, 2, 0, 'Banana não vingou'),
(9, 9, 9, 4, 1, 'Mamão com frutos grandes'),
(10, 10, 10, 5, 1, 'Alface cresceu bem'),
(11, 11, 11, 3, 0, 'Cenoura com solo inadequado'),
(12, 12, 12, 4, 1, 'Beterraba com boa coloração'),
(13, 13, 13, 2, 0, 'Couve atacada por insetos'),
(14, 14, 14, 5, 1, 'Abóbora gigante colhida'),
(15, 15, 15, 5, 1, 'Melancia doce e suculenta'),
(16, 16, 16, 4, 1, 'Uva doce mas cachos pequenos'),
(17, 17, 17, 5, 1, 'Maracujá excelente'),
(18, 18, 18, 1, 0, 'Trigo morreu com calor'),
(19, 19, 19, 5, 1, 'Algodão de fibra longa'),
(20, 20, 20, 4, 1, 'Cacau de boa qualidade');

INSERT INTO recomendacao_historico (id_recomendacao, acao, detalhes, actor) VALUES
(1, 'criada', 'Sistema gerou recomendação', 'sistema'),
(2, 'aceita', 'Agricultor aceitou recomendação', 'Maria Souza'),
(3, 'recusada', 'Agricultor recusou recomendação', 'Carlos Lima'),
(4, 'plantado', 'Semente foi plantada', 'Ana Paula'),
(5, 'concluido', 'Colheita realizada', 'Pedro Henrique'),
(6, 'criada', 'Sistema gerou recomendação', 'sistema'),
(7, 'aceita', 'Agricultor aceitou recomendação', 'Juliana Alves'),
(8, 'recusada', 'Agricultor recusou recomendação', 'Lucas Rocha'),
(9, 'plantado', 'Semente foi plantada', 'Fernanda Dias'),
(10, 'concluido', 'Colheita realizada', 'Rafael Costa'),
(11, 'criada', 'Sistema gerou recomendação', 'sistema'),
(12, 'aceita', 'Agricultor aceitou recomendação', 'Beatriz Melo'),
(13, 'recusada', 'Agricultor recusou recomendação', 'Tiago Nunes'),
(14, 'plantado', 'Semente foi plantada', 'Camila Freitas'),
(15, 'concluido', 'Colheita realizada', 'Bruno Martins'),
(16, 'criada', 'Sistema gerou recomendação', 'sistema'),
(17, 'aceita', 'Agricultor aceitou recomendação', 'Roberto Alves'),
(18, 'recusada', 'Agricultor recusou recomendação', 'Patricia Lima'),
(19, 'plantado', 'Semente foi plantada', 'Gustavo Dias'),
(20, 'concluido', 'Colheita realizada', 'Helena Costa');

INSERT INTO solo_amostra (id_area, data_amostragem, profundidade_cm, ph, umidade_pct, materia_organica_pct, nitrogenio_mgkg, fosforo_mgkg, potassio_mgkg, textura, observacoes, lab_report_url) VALUES
(1, '2025-10-01', 20.00, 6.5, 70.0, 3.5, 25.000, 15.000, 30.000, 'argiloso', 'Solo fértil', NULL),
(2, '2025-10-02', 15.00, 6.2, 65.0, 2.8, 20.000, 12.000, 28.000, 'arenoso', 'Boa drenagem', NULL),
(3, '2025-10-03', 25.00, 6.8, 75.0, 3.2, 22.000, 14.000, 32.000, 'franco', 'Ideal para soja', NULL),
(4, '2025-10-04', 18.00, 6.0, 60.0, 2.5, 18.000, 10.000, 25.000, 'argiloso', 'Precisa de correção', NULL),
(5, '2025-10-05', 22.00, 6.4, 68.0, 3.0, 21.000, 13.000, 29.000, 'silto-arenoso', 'Boa estrutura', NULL),
(6, '2025-10-06', 20.00, 6.6, 72.0, 3.1, 23.000, 15.000, 31.000, 'argiloso', 'Alta fertilidade', NULL),
(7, '2025-10-07', 16.00, 6.3, 66.0, 2.9, 19.000, 11.000, 27.000, 'arenoso', 'Solo leve', NULL),
(8, '2025-10-08', 24.00, 6.7, 74.0, 3.4, 24.000, 16.000, 33.000, 'franco', 'Ideal para frutas', NULL),
(9, '2025-10-09', 19.00, 6.1, 62.0, 2.6, 17.000, 9.000, 24.000, 'argiloso', 'Baixa matéria orgânica', NULL),
(10, '2025-10-10', 21.00, 6.5, 70.0, 3.3, 26.000, 17.000, 34.000, 'silto-arenoso', 'Excelente para hortaliças', NULL),
(11, '2025-10-11', 17.00, 6.2, 64.0, 2.7, 20.000, 12.000, 26.000, 'arenoso', 'Precisa de irrigação', NULL),
(12, '2025-10-12', 23.00, 6.6, 73.0, 3.6, 27.000, 18.000, 35.000, 'franco', 'Alta produtividade', NULL),
(13, '2025-10-13', 20.00, 6.3, 67.0, 3.0, 22.000, 14.000, 30.000, 'argiloso', 'Boa retenção de água', NULL),
(14, '2025-10-14', 18.00, 6.0, 61.0, 2.4, 16.000, 8.000, 23.000, 'arenoso', 'Solo pobre', NULL),
(15, '2025-10-15', 26.00, 6.9, 76.0, 3.7, 28.000, 19.000, 36.000, 'franco', 'Excelente para cultivo intensivo', NULL),
(16, '2025-10-16', 20.00, 6.4, 68.0, 3.2, 24.000, 14.000, 28.000, 'arenoso', 'Bom para vinhedo', NULL),
(17, '2025-10-17', 15.00, 6.1, 65.0, 2.8, 20.000, 12.000, 26.000, 'franco', 'Solo equilibrado', NULL),
(18, '2025-10-18', 22.00, 6.7, 72.0, 3.5, 26.000, 16.000, 32.000, 'argiloso', 'Rico em nutrientes', NULL),
(19, '2025-10-19', 18.00, 6.2, 63.0, 2.6, 18.000, 10.000, 24.000, 'silto-arenoso', 'Drenagem moderada', NULL),
(20, '2025-10-20', 25.00, 6.8, 75.0, 3.8, 30.000, 20.000, 38.000, 'franco', 'Excelente para cana', NULL);